"text","label","notes"
"People sleep on Draymond's defensive impact. Over the last 3 seasons the Warriors defensive rating is 108.4 with him vs. 114.7 without — a gap larger than any other player on the team.","analysis",""
"LeBron is overrated. Plain and simple. Jordan would have 9 rings if he played in this era.","hot_take",""
"LUKA JUST HIT THAT FROM HALFCOURT ARE YOU KIDDING ME","reaction",""
"McMenamin: Several league sources told ESPN they believe Rui Hachimura could be the odd man out and might need to explore the market. Lakers could retain him if they operate as an over-the-cap team.","reaction",""
"Jalen Brunson: I don't know how many times I got to tell Mike to stop doing that shit - about Mike Brown doing the Who Let The Dogs Out with the crowd prior to his speech.","reaction",""
"We brought the trophy home. Let's party baby let's party. Knicks in 5. Jose Alvarado at the Championship Parade.","reaction",""
"Josh Hart hopped off the float to embrace fans and take selfies with them!","reaction",""
"Jalen Brunson: Damn... We really did it dawg.","reaction",""
"Born to play basketball Jalen Brunson. Only Brunson and Bill Walton have won 2 NCAAs and a Finals MVP. He should be the face of the NBA not Anthony Edwards not Wembanyama not Shai. Brunson embodies what an athlete should be.","hot_take","Lists real accolades but core claim is asserted not argued"
"Alicia Keys Sings Empire State of Mind at Knicks Championship Parade with the team and celebrities.","reaction",""
"Mike Brown takes a selfie with a cop before rushing to the parade.","reaction",""
"NYPD try to hold on as Knicks fans break through police barricades at the parade.","reaction",""
"Leon Rose thanks Knicks fans in his speech at City Hall: We did it for you.","reaction",""
"Spears: Wizards star Trae Young plans to decline his 48.97 million player option for 2026-27 season to become a free agent. Washington remains the front runner but he still expects multiple team max interest.","reaction",""
"Madison Square Garden hit with class action lawsuit over data breach after hackers accessed sensitive visitor data from up to 26 million people collected through James Dolan's controversial facial-recognition surveillance system.","reaction",""
"Fischer: Portland Trail Blazers were prepared to sacrifice up to 4 years of first-round draft capital in a Giannis trade without knowing if he would sign an extension.","reaction",""
"LeBron James says you need to treat SGA with the same respect as Giannis on the open floor.","hot_take",""
"Windhorst: Trae Young is going to re-sign with the Wizards likely on a 3-year very large contract.","reaction",""
"Carmelo Anthony at the Knicks parade: New York is as they would say lit right now!","reaction",""
"Kevin Garnett gets angry at Paul Pierce after he says international players run hoops.","hot_take","Pierce's claim is a hot take and that's the subject of the post"
"Tatum vs Brunson 11 years ago in high school. Tatum scored 39 and led Chaminade to an 87-81 win over Stevenson despite Brunson's 48 points.","reaction",""
"Tatum's midrange and Brunson's handles and footwork already looking polished in high school.","reaction",""
"And then Tatum added that stepback and forgot all about that midrange.","hot_take",""
"Brunson's midrange is mediocre in the NBA and he has been more efficient since he stopped pretending he was Kobe.","hot_take",""
"The only part of Brunson that grew since high school was his head. Crazy.","reaction",""
"As a Mavs fan this is bittersweet. Dallas had Brunson four years and let him walk to New York in 2022. Nico didn't think he was worth matching the max. He puts up 48 in high school and loses. Goes to New York as THE guy instead of Luka's second option and wins Finals MVP. Completely different player when the offense is built for him. Mavs watched that and still managed to trade Luka too.","analysis","Specific timeline and causal argument about context vs player performance"
"Should still let kids out of high school in the NBA.","hot_take",""
"Crazy that Brunson had 48 in a loss. Some things never change.","reaction",""
"This shows how their game hasn't changed much which is pretty cool.","reaction",""
"Mackel: Pelicans and state of Louisiana expected to have a new long-term lease agreement this fall. The deal could resemble the Saints 10-year lease through 2035 with extensions through 2055. Securing the lease is the first step in triggering renovation of the Smoothie King Center.","reaction",""
"Good for them. There are few things more miserable in sports than having the future of your team hung over you.","reaction",""
"Small market stability fans stay winning.","reaction",""
"I'm guessing that expansion is now likely at this point. If Seattle and Las Vegas get expansion teams there are not a lot of places for a franchise to relocate to.","hot_take",""
"All the talk about this team relocating is pretty much all fabricated based on the fact that we kinda suck. Gayle has stated on like 10 separate occasions that this team will not be sold or relocated while she is alive. She has said she will sell when she dies with some kind of contingency that it will not be moved.","analysis","Counter-argument backed by specific evidence - owner's repeated public statements"
"Todd Graves is almost certainly gonna be the next owner.","hot_take",""
"Good I'm tired of hearing about Nashville as a potential market for teams.","reaction",""
"At this point Seattle's best bet might be to just get OKC to relocate back. That would be so lit.","hot_take",""
"They should relocate the Pelicans tbh to like KC or Vancouver or something.","hot_take",""
"I want a team in KC badly but I'd really prefer it not be by stripping another city of their team.","reaction",""
"Trae Young is Fools Gold. He has the 3rd worst defensive metrics in the last 10 years and is not the shooter you think he is. His career 3pt average is 35.2 and he is one of the worst traffic cones in the NBA. I wouldn't give him 40+ million.","hot_take","Cites one stat but doesn't reason from it - assertive framing throughout"
"Trae Young hate in 2026 you don't say?","reaction",""
"He still lives rent free in NYC minds.","reaction",""
"Washington hasn't had a 50 win season since the 70s. They don't have the expectations to pretend they're above being mediocre. No team with a Trae Young led offense is winning less than 35 games if he plays a good chunk of the season.","analysis","Historical data plus reasoned expectation-setting argument"
"Man people have been saying this since his rookie year and he's still dropping 25 and 10 every season. Defense is overrated for point guards anyway when you can run an offense like he does.","hot_take",""
"25/10 are just numbers. For his career Trae is shooting 43% from the floor and 35% from three which are both below league average and way below the averages of other volume scorers and that's with the entire offense built around maximizing him. He doesn't play off ball well has no physicality and can't get out in transition. He's not just bad defensively but one of the worst defenders in league history.","analysis","Multiple specific stats with reasoning - strong analysis example"
"I'm a Wizards fan and I pray to god that we don't give him a long term contract at that amount. I'd rather do 2 years 120 mil than do 4 years 160.","reaction",""
"These reddit titles are sounding more like ESPN every day.","reaction",""
"I thought based on the title this would at least be a data post or well written analysis. There isn't even any substance here. It's just I don't think Trae Young deserves a max because he sucks on D in more words.","reaction",""
"Trae Young is the lollipop that rolled under the couch and you find it a few months later.","hot_take",""
"Everyone kept saying Brunson was the worst defender in the league. Teams spent entire series trying to hunt him every possession and look how that turned out.","hot_take",""
"Trae might actually be the worst defender in the league. Brunson isn't that bad.","hot_take",""
"He's a placeholder point guard whose primary purpose is to elevate the team's floor. The Wizards are not betting on him averaging 30 and 11 and carrying them to the ECF like it's 2021.","hot_take",""
"For Trae it's less a shooting percentage issue and more so a shot selection issue. He shoots well from normal 3 range but takes probably more than half of his attempts from deep 3. On one hand it can help pull defenses up to open things for everyone else.","analysis","Distinguishes shot selection from shooting ability with specific reasoning"
"You have to think he's gold first in order for him to be fools gold. We're all aware of what he is at this point.","hot_take",""
"For something to be fool's gold there has to be someone who thinks it's real gold. Even the Wizards don't think he's gold - they only gave up like half a potato chip to get him.","hot_take",""
"Brunson puts in a lot of effort and is super smart defensively. He also has the best cast of ensemble defenders of any star in the league around him. If a good player goes 1v1 at him they'll generally score but Brunson and Mike Brown are good at making sure that doesn't happen too much.","analysis","Structured argument about Brunson's defense using team context"
"I wonder how much better Trae's shooting splits would be if he didn't take like 3-5 dumb half court heat check shots a game.","hot_take",""
"40 million actually isn't a lot in the modern NBA. All-NBA level salaries are 60-70+ million nowadays.","analysis","Factual comparative salary context"
"Knicks went 8 years without a playoff appearance and finally returned to be absolutely annihilated by an undersized guard who reveled in it with his antics. If Trae didn't initially embrace the villain role it wouldn't have snowballed to the point it has.","analysis","Historical context with specific facts to explain current sentiment"
"Richard Jefferson and Andre Iguodala argue about who has more posterization dunks on Alonzo Mourning.","reaction",""
"Richard Body Collector Jefferson.","reaction",""
"They were collecting Alonzo posters like trading cards back in the day. Good times.","reaction",""
"Zo will appear in many players highlight reels because he always went to contest shots in the paint no matter if he was late or tired. He never saw a dunk attempt thinking it was impossible to block. That's why he was a blocks machine for basically his entire career.","analysis","Explains pattern in highlight footage using reasoning about playing style"
"Zo had serious health issues so docking him for having fewer blocks than Shaq is goofy. He averaged 0.5 more blocks per game than Shaq.","analysis","Uses per-game stats to counter a comparison argument"
"It's so weird being a newer Knicks fan and inheriting the hatred for Richard Jefferson. He's great at being an on camera personality.","reaction",""
"I was convinced they were sharing stories about their romantic escapades from the title.","reaction",""
"Jalen Brunson vs SGA playoff stats. Brunson as a Knick: 29.4 PPG 3.6 RPG 6.6 APG 46.0 FG% 34.4 3P% 83.9 FT% 56.9 TS% in 61 games. SGA on Thunder: 27.6 PPG 5.0 RPG 6.6 APG 46.7 FG% 32.8 3P% 87.0 FT% 58.0 TS% in 55 games.","analysis","Direct side-by-side stat comparison"
"Thunder v Knicks gonna hit like crack during the regular season. Last two champs Thunder haven't lost to Knicks since 2022.","hot_take",""
"Shai is still a better player imo - he was a 2x MVP after all and a Finals MVP. Big body Brunson is definitely can stand next to him though.","hot_take",""
"SGA is a better player than Brunson but the Knicks especially a healthy Knicks is better than the Thunder that appeared in the postseason.","hot_take",""
"If you take out Shai's 2020 playoffs when he was a role player he's averaging 29/7/5 with 2.5 stocks. Shai sees more tough coverage than Brunson in terms of double teams. He's the only reliable halfcourt creator for OKC. The biggest factor that makes them both elite is the lack of turnovers.","analysis","Adjusted stats with contextual reasoning"
"SGA better rn. Brunson vs 2025 Pacers: 31/6/3 on 50/35/92 shooting. SGA vs 2025 Pacers: 30/6/5 on 44/24/91. Brunson vs 2026 Spurs: 33/5/4 on 42/39/86. SGA vs 2026 Spurs: 26/9/3 on 41/28/94. They are obviously comparable on offense.","analysis","Head-to-head splits vs same opponents"
"Brunson nicer from 3. SGA nicer in midrange. Slight edge to SGA as a finisher. SGA probably a better defender because of his size but his defense is a little overrated. I think they're a lot closer than either side wants to admit and the numbers show that.","analysis","Skill-by-skill comparison with reasoning"
"1a and 1b last two Finals MVPs.","hot_take",""
"Okay cool but SGA is still better lol. Brunson will never be a top 3-5 player in the league unless Jokic and Giannis suddenly retire.","hot_take",""
"Replace SGA and Brunson and Knicks still win. SGA was getting doubled and didn't have anyone to kick it out to with their second and third options out.","hot_take",""
"Children argue about who's better. Adults know the blue and orange alliance is too strong for the league to stop.","reaction",""
"What are we doing here? Both good players both are Finals MVPs. SGA has more MVPs but Brunson is a great player. Both play quality ball. Enjoy the sport.","reaction",""
"LeBron reacts to JR Smith's golf shot: ""Hell yeah. Now that's a motherfucking shot.""","reaction",""
"JR went back to college after retirement to get his degree and played D1 golf at North Carolina A&T. He graduated with a 4.0 and has dyslexia — they structured his studies like his basketball training and it was the first time schoolwork ever made sense to him.","reaction",""
"Happy for JR but damn if that doesn't show what's possible when you have time space and money to dedicate to something. Scores of kids just wash out of school and training cause no one wants to spend that time with them.","reaction",""
"LeBron is having so much fun that he's going to retire and play golf. Announcement coming Monday.","hot_take",""
"I NEED LeBron to rock the gray beard during the season. Unc looks 63 and the memes would be electric.","reaction",""
"Fam LeBron is the GOAT because he is a role model for us all. MJ may have been the best on the court but LeBron's legacy will be something else when he's all done.","hot_take",""
"Any athlete that deals with precision hand-eye coordination is gonna eventually be able to be a good golfer. QBs and skilled basketball shooters seem like the two most consistent carryovers.","analysis",""
"Basketball players usually putt really well, baseball players have insane power, hockey players have great short games, most football players suck but QBs and kickers tend to get really good if they commit.","analysis",""
"Are deep playoff runs the elixir of youth?","hot_take","relabeled from question"
"NGL with all the shit going on with helicopters lately, I wouldn't be surprised if ownership groups exclude helicopters in player contracts lol. Unless it's an emergency vehicle.","hot_take",""
"5.2 heli v 1.35 car deaths per 100 million miles traveled. Cars have a significantly higher rate than buses, trains, and planes.","analysis",""
"This is just a golf trip for LeBron. You know he is going to be hitting up some proper links courses for the first time perhaps. JR gonna enjoy himself too.","reaction",""
"But... he didn't give it to Bron he just held it??? Does he not know we all saw it and there's video lmao","reaction",""
"He was about to give it to LeBron, but then he saw LeBron pointing at the basket and he froze up lol","analysis","Explaining JR's decision-making in the moment"
"8 years later, and this fool still won't own up to it. LMAO.","reaction",""
"He changes his story every time he tells it","reaction",""
"I'm sorry but that's a really dumb excuse. Just say you had a mental lapse","reaction",""
"Why didn't T Lue call timeout? Seemed pretty obvious","reaction","relabeled from question"
"Why would you dribble all the way to near half court if you're trying to get it to LeBron?","reaction","relabeled from question"
"Nobody can convince me this dude is not an idiot, like how do you blame the guy that got you a ring and led y'all to the finals to begin with?","hot_take",""
"Bron knew he wasn't winning that series so he wasn't really mad at the end of the day","hot_take",""
"The funny thing is, LeBron's game and how good he was in it has become more memorable with time, in part because of JR Smith's mistake.","analysis",""
"Most overlooked aspect of this whole debacle is that the Cavs had a timeout. Don't understand why more isn't made of that","analysis",""
"People forgot George Hill's missed FTs because of his blunder lol it's that bad","reaction",""
"He knows enough people hate LeBron that they'll eat it up.","hot_take",""
"He had me questioning whether his literal words of 'I thought we was up' was misinformation this whole time. He thought he was sealing the win by dribbling it out. Tyronn Lue said those exact words about what he said after the game too.","reaction",""
"Congratulations Boston, Giannis is a Celtic","hot_take",""
"Still think it's going to be a random team that hasn't been mentioned.","hot_take",""
"Miami being in the mix just automatically feels like a smokescreen","hot_take",""
"They're the team everyone uses to get more assets from someone else — that's principally the Lakers. Damn near every player ever traded publicly has been linked to the Lakers, to drum up higher bids.","hot_take",""
"nah im blindly believing, I'LL NEVER LEARN THIS LESSON AND U CANT MAKE ME","reaction",""
"Nope. I am just going to assume another team is gonna swoop in and acquire Giannis until the moment Miami actually acquires Giannis. Been here too many times.","reaction",""
"I don't think we're getting Giannis, 50th time won't be the charm, but the last time someone said this about a disgruntled player he came to Miami and went to the Finals that very season.","analysis","Historical comparison used to support argument"
"4/5 pnr for a start, Giannis would be a destroyer off those Bam moving screens. There are ways to create space within an offence that aren't shooting threes, Bam in particular is actually quite good at it. In Giannis' case teams generally don't just ignore him at the perimeter because if he gets the ball and has space to build momentum off the dribble they're probably cooked no matter how many bodies they've got near the rim.","analysis","Tactical breakdown of Bam/Giannis fit"
"Fischer is an extremely high volume shooter when it comes to rumors every trade season. Do we know his hit rate? Feels like it can't be high","hot_take",""
"Yeah idk why anyone takes this dude seriously, he just reports literally everything he hears. No doubt some of it is legit but most of it is pure gossip.","hot_take",""
"I feel like bucks and heat have agreed on a trade already but they are trying to find more teams to facilitate","hot_take",""
"One thing I've learned that any trade the bucks are linked to never happens and it's always something we haven't heard of yet. So Giannis to some random team seems more likely that Miami at this point.","hot_take",""
"Nah this looks a lot like the Durant, Harden, Davis talk. We've had the Jays tangled up in trade rumours for basically their entire careers. Their names get thrown around, and everyone starts to speculate. Then the guy goes somewhere else.","analysis","Pattern recognition across multiple historical trades"
"If Miami has the only offer, I'd just keep Giannis.","hot_take",""
"Giannis on being asked if the season was a failure: ""Do you get a promotion every year? On your job? No, right? So every year you work is a failure? Michael Jordan played 15 years. Won six championships. The other nine years was a failure? There is no failure in sports. There are good days, bad days. Some days it's your turn, some days it's not.""","analysis","Structured argument using analogy and historical comparison"
"My favorite part is the way he calmed himself and reoriented himself when he started to let his frustration show. It's a great lesson to show how to deal with disappointment and frustrating people.","reaction",""
"Giannis seems like actually a pretty good guy compared to how this sub views him lately. And this was legitimately a great moment","reaction",""
"This was after a First Round exit losing to a play-in 8th seed by the way. That is absolutely a failure for the season lmao","hot_take",""
"Hot take this is the weakest shit a superstar on a contender has ever said","hot_take",""
"Losing in 5 games to the Play-In Heat in the 1st round as the 1st seed in the whole league absolutely is a failure. This interview was 1000% coping and I don't get why people eat it up like it was some zen shit.","hot_take",""
"But it wasn't steps to success. This was a legit question about the clear downward trend. They went from champions -> second round -> first round -> this quote -> first round -> first round -> first round -> miss play-ins","analysis","Trajectory data used to counter Giannis's claim"
"He should have said it's ok to fail, not that he didn't fail. Because he totally fucking failed to win a championship.","hot_take",""
"The fact that Giannis announced his partnership immediately after another trade deadline of will he/won't he rumors is what really soured people on him because it looks like he was just manipulating the markets, either for his own personal gain or as part of the partnership to increase interest in bets about his trades.","analysis","Reasoned argument about timing and market manipulation"
"He can only get away with saying this because he won a ring in Milwaukee","hot_take",""
"I don't understand how he went from having such genuine and insightful comments to posting cliche inspirational poster junk like today. I think he has definitely been jaded or lost himself.","reaction",""
"Without a doubt MJ would say those 9 years he didn't win chips were failures haha.","hot_take",""
"Yes there is failure in sports, and his name is Doc Rivers.","reaction","Joke/reaction using Doc Rivers as punchline"
"The Bucks won 58 games and lost in the first round 4-1. they 100% got embarrassed and this was a clown response by giannis","hot_take",""
"This is just BS. Turning failures into steps to success is what leads to success. Not denying failure altogether.","hot_take",""
"As much as his indecision has been annoying the sports world, it's utterly human to struggle with the decision to uproot your family and home like that. It's just that most of the time we deal with it privately, and the decision isn't tied to Kalshi bets.","analysis","Empathetic analysis of Giannis's situation"
"Shams my guy, you gotta start banal news about a player changing their jersey number with a different headline. I was afraid we traded him for LeBron or both his legs fell off or something.","reaction",""
"He played great in the last Olympics. Unselfish, hustling on defense and making smart plays overall. Be nice to see that from him a bit more in the NBA because as we've seen he's clearly capable of it.","analysis","Uses Olympics performance as evidence"
"He had his best stretches playing off Ricky Rubio and CP3. He's a good playmaker for a SG but multiple owners and front offices took it for granted and forced him into a PG role.","analysis",""
"Kobe missed the playoffs in 2004-05, lost the first round as a 7 seed in 2005-2006, changed his number at the beginning of 2006-07, then made the finals the next year, winning back to back the years after that. It's going to plan so far.","hot_take","Kobe analogy stretched thin"
"Ighodaro is honestly one of the most underrated bigs in the league, if Khaman can develop over the next year or two then we defo have a killer centre rotation. Our best on-off numbers this year were with Oso on the floor and he passed the eye test asw.","analysis",""
"If you asked me if Kevin Love played this past season I would have sworn he retired","reaction",""
"Luka: I want a ring. Pelinka: Best I can do is Kevin Love.","reaction",""
"The Lakers aren't serious about being contenders. If they were they would not even entertain resigning LeBron.","hot_take",""
"It's good to have a vet who can get on someone who also isn't the superstar. Udonis Haslem or the last couple years of Andre Iguodala or Kyle Lowry or Mike Conley in their old age are all examples of guys who are important to a team even though their on-court contributions are non-existent or close to it.","analysis","Historical comps to support vet role argument"
"What Rob Pelinka cooks up after Luka asks for shooters and an athletic big man: 42 year old LeBron resigning, Reaves max deal, Kevin Love.","reaction",""
"Imagine Luka falls into your lap and then you waste his prime with this.","reaction",""
"So we are still pandering to LeBron? Does this fucking team not want to win a championship? We are so cooked.","reaction",""
"Spurs held a lead for 72% of the minutes played. In first quarters, Spurs were a combined +57. In quarters 2, 3, and 4, the Knicks were a combined +69 (+29, +14, +26 respectively). The Knicks won 75% of the quarters played.","analysis","Quarter-by-quarter stat breakdown reframing the narrative"
"Zach Lowe pointed out that it seemed the Spurs came out every first quarter going 110% then got tired eventually, while the Knicks saved their 110% burst for the fourth quarter. And the Spurs never changed their approach to the game even when down 3-1.","analysis","Tactical explanation of Spurs fatigue pattern"
"If you look at results Spurs won a ton of games by 10+ difference. Spurs had quite a few weak ass 4th quarters all season long because there was no need to keep pushing when a comfy lead was there. This shit doesn't happen in the finals.","analysis","Regular season pattern extrapolated to explain playoff collapse"
"Nick Wright said it best. This series is the same as the 2024 Lakers Nuggets series. San Antonio jumps out to an early lead but always loses their lead in the 4th quarter just like the Lakers did, and no one would say the Lakers dominated the Nuggets.","analysis","Historical comparison used to challenge dominant narrative"
"Yeah people really misread that stat. Holding a lead a lot just means you're good at starting strong and bad at closing, not that you dominated the series.","analysis","Logical deconstruction of what 'leading 72% of the time' actually means"
"It's a combination of the Spurs having fast starts/poor conditioning and the Knicks having slow starts and great conditioning thanks to Thibs.","analysis",""
"His playoff performance before and after missing those WCF games with the injury is night and day: Round 1: 20.2 PPG 58.2 TS%. Round 3: 11.2 PPG 42.4 TS%. Round 4: 12.8 PPG 43.0 TS%. That dropoff is so drastic it's hard to argue the injury wasn't playing a significant role.","analysis","Stat table used to argue injury impact on Fox's performance"
"The Spurs tried to Bakushin a long race.","reaction",""
"Idk why people are having a hard time admitting the Knicks were the better team. Composure in closing games is a huge part of sports, to discount how much better the Knicks were in closing time is just stupid cope.","hot_take",""
"Too many folks just didn't think the Knicks were really a championship team. Even coming into the Finals, there was a popular narrative that their dominance in the Eastern playoffs was being overstated. So naturally, now those same folks are more inclined to believe the Spurs were all-time level chokers or frauds, but neither of those things are true.","analysis","Meta-analysis of narrative bias around the series"
"Getting the #1 in that draft sandwiched in-between years with Wemby and Flagg is so tough lol","reaction",""
"Castle is a Wemby merchant. Which is not a bad thing — you want Wemby to elevate the players around him — but if Wemby is not playing or isn't on the floor his game suffers a ton.","analysis","Causal claim about player dependency on Wemby"
"I think people underestimate how much impact it has on defenders knowing they have Wemby guarding the paint making everyone reluctant to drive. You can guard so much more aggressively and take risks you should never normally take because of the drive danger.","analysis","Tactical analysis of rim protection's effect on perimeter defense"
"You pick best player available, not position of need at #1. Otherwise you end up with a Wiseman or Risacher.","hot_take",""
"1 picks are pretty inconsistent. Going back 10 years: Simmons - flamed out. Fultz - never recovered. Ayton - poor work ethic. Zion - injuries. Ant - what you expect. Cade - what you expect. Paolo - opinions souring. Wemby - what you expect. Risacher - lmao. Only 4/10 are actual franchise altering players.","analysis","Systematic historical review of #1 picks"
"There's a difference between earning your minutes and playing more than you deserve for the sake of development. Until he learns very basic things like how to not turn the ball over by dribbling into traffic, he is who he is, and he shouldn't play more than he's earned regardless of how highly he was drafted.","analysis",""
"In his rookie year Risacher was actually touted for his game feel. He was an amazing cutter off ball, was constantly moving and getting open on the 3pt line. I do think a lot of it is in his head — it seems like Quin shortened his leash way too much this season and it's killed any confidence he had.","analysis","Year-over-year comparison to diagnose regression"
"I absolutely see the vision with him. Would not be surprised if he's putting up 20 ppg two years from now.","hot_take",""
"Obviously Sarr would fill the Hawks rotation better now. But every time I see people saying Sarr would have been a better pick, I can't help but think about what would have happened if he was drafted by them — Quin Snyder letting him fuck around the way he did with the Wizards.","analysis","Counterfactual reasoning about organizational fit"
"SGA can keep his body down and moving through the gap towards the basket. A floater usually requires a full running motion to draw the momentum to push the shot. It would require a lot more energy when his ground game is so efficient. My favorite thing to watch is when he drives and decelerates. The gather and two steps he takes feels infinitely longer than any other player.","analysis","Biomechanical explanation of why SGA uses his specific toolkit"
"His career FTr+ is 165 — which means he draws 65% more FTs per FGA than the average player. For reference MJ was 110 (114 as a Bull). MJ only drew 14% more FTs per FGA than the average player during his career as a Bull. Kobe and LeBron had much better whistles, although nowhere near SGA level.","analysis","FTr+ stat comparison across multiple players"
"He turns the ball over incredibly rarely for how much he has the rock. Especially in this day and age where 4 TOs for your primary superstar ball handler is the norm.","analysis",""
"He's actually 13th in FTA/FGA while leading the league in drives, where players get fouled more.","analysis","Contextualizes foul rate with shot selection and usage context"
"From a skill perspective, you can't deny that he is one of the best in the game right now. I know for a fact when SGA gets to a certain spot on the floor, that's a bucket, and there's very little most teams can do to stop it. I also think he sometimes doesn't get enough credit for being super clutch too.","analysis","Observation about SGA's shot creation and clutch production"
"LeBron: I saw a stat that he's shooting 57% on contested mid-range shots. Nash: The accuracy and efficiency is crazy. His body control, stop, start, and change of direction are incredible. His spine mobility is crazy — it allows him to slither into gaps and finish in tough situations.","analysis","Two Hall of Famers analyzing SGA's mechanics with a specific verifiable stat"
"If Shai ever becomes a high volume consistent three-point shooter he's probably going to be the most complete guard ever.","hot_take",""
"Shai is the BITW. Everyone who knows ball like Bron and Nash acknowledges that.","hot_take",""
"Old heads like SGA because they aren't on social media all day being fed algorithms that tell them he's the worst flopper of all time. It's the new generation who gets all of their ball knowledge from TikTok who don't like him.","hot_take","Generational framing with no evidence"
"His efficiency is boosted by the fact he doesn't miss many shots because shots on fouls aren't shots, so miss me with that.","hot_take",""
"prime Jordan would had beat the spurs in game 7 and beat the Knicks in 6 games. No lies.","hot_take",""
"He's one of my favorite players to watch besides Bron and Luka tbh.","reaction",""
"Foul baiting is fine. It's literally a major part of the game. Most guards throughout NBA history have baited fouls via pump fakes and sudden de-accelerations. What SGA does though is he FORCES fouls, either via flopping or by throwing his body into the defender. I mostly blame the refs and Adam Silver for not giving him technicals.","analysis","Draws distinction between legal foul-drawing and illegal flopping, with historical context"
"Not enough people talk about how transformational the Starbury's were. Dope ass comfy shoes that were $20 and no one had to feel embarrassed to rock them. A superstar signature shoe that everyone can afford should be the standard and he'll always be a hero to me for that.","analysis","Makes a case for Marbury's cultural legacy with reasoning"
"It's only been 6 months. Fixed tons of potholes. Dealt with 2 monster winter storms. Got expanded 3k. Got people on the rent control board who will be voting on the rent hike this year. And got a banger of a ticker tape parade organized.","analysis","Enumeration of policy record to support a claim about governance"
"He's gonna make sure Mamdani does it better than Obama. He can speak like he does without the filler 'uh' and 'um'. Obama just has a better sounding voice.","hot_take",""
"No other US-based sport's fanbase will ever experience something like this. Insane combination of underdog team defeating an undeserving favorite, 50+ year drought, record bandwagon jumping, once-in-a-lifetime charismatic mayor, and the fucking World Cup.","hot_take",""
"He'll be our governor and/or senator one of these days. Unless he totally fucks it up, he's gonna be the first mayor of NYC to break through after his term is up.","hot_take",""
"Before this Championship, Linsanity was the single biggest moment the Knicks have had in the 2000s.","hot_take",""
"More time that passes the less bitter I feel about the Finals loss and the more happy I feel for the Knicks and their actual fans. I have been blessed to watch the Spurs win multiple titles and one of the things that always crosses my mind are the people who live through their team that have never gotten to experience the same.","reaction","Spurs fan emotional reflection on the championship"
"Mamdani walked out to New York by Ja Rule and then turned around and gave a speech like he was Winston Churchill lmao.","reaction",""
"Bro shouted out Nate Robinson's block on Yao and Ronaldo Balkman. Iconic.","reaction",""
"He played like 50 total minutes in the playoffs over 19 games, he's a shorter normal looking white guy who is the 10th man on the roster and I seriously don't blame the cop for thinking he's some tiktok guy or YouTuber who hopped the fence.","analysis","Uses roster context and playing time data to explain the mix-up"
"Ron Baker got denied entry to MSG before a game when he rolled in with his Hyundai Elantra. So did Jeremy Lin during the height of Linsanity.","reaction",""
"Lucky he didn't get Sefolosha'd.","reaction",""
"Half those fans high fiving him didn't know who he was either lmao.","reaction",""
"Being one of the greatest players ever and still watching games on a laptop is way more relatable than it should be.","reaction",""
"Being worth hundreds of millions and still hunting for the free stream is commitment to the hit.","reaction",""
"LeBron might be the most unintentionally funny player in all of sports. Between this, never finishing books, 'What klay say?' etc.","hot_take",""
"It's less a payment thing and more a convenience and availability thing. These leagues have their apps built by MBA-types who optimize for everything but the fan; blackouts are heinous. When the league and teams can be seen as fucking over their fans, their attitude towards how they acquire the content shifts. 'I don't mind paying' becomes 'seriously? why do I need XYZ service?!'","analysis","Former piracy site operator explaining the structural cause of illegal streaming — fan experience vs. business incentive"
"A bigger issue is that teams are withdrawing from League Pass and launching their own streaming services. The Nets and Knicks are available on Gotham, while the Lakers and Mavericks have their own distinct platforms. It's a joke.","analysis","Structural critique of NBA streaming fragmentation"
"I really think people would use league pass more than illegal streams if they knocked that crap off. Often times people just go to streams out of convenience. Don't even want to bother to check if there's blackout restrictions on the game you want to watch.","analysis","Argues blackouts (not price) are the primary driver of piracy adoption"
"It's not even about money. There are times where I literally have no way to watch a game without pirating it because of where I live. The game is blacked out in my area but I'm far enough away that it's not on cable. I cannot stand that Silver hasn't fixed this problem.","analysis","Specific blackout geography described to explain failure of League Pass"
"I live 4, 4, and 6 hours away from NBA cities — triple blackout zone. Even with league pass about half of every week there are no games I can watch.","analysis","Concrete personal case illustrating blackout problem"
"Bringing your own vehicle to a victory parade might be the most American thing ever.","reaction",""
"Owning a truck like that and working in NYC is crazy.","reaction",""
"Shouldn't even be a hot take. So much evidence that modern trucks even before the lift kits are a legitimate public safety hazard. And the benefits for 99.99% of people that own them are negligible compared to a mid sized SUV or a compact truck.","analysis","Evidence-backed safety argument about oversized trucks"
"The Venn diagram of people with that kind of truck and people who hold those beliefs is basically a circle.","hot_take","Generalizing political affiliation from vehicle choice"
"Dude grew up in Pensacola, Florida then moved to Chalmette, Louisiana. I'm more surprised it's not camo.","reaction",""
"Steven Adams orb%: 2014-2017 = 12.2% to 14.1%. 2018-2021 = 14.0% to 16.6%. 2022 = 17.9%. 2023 = 20.1%. 2025 = 21.8%. 2026 = 22.3%. The numbers match Adams' theory. As the older generation of centers left the league and new centers entered, Adams' offensive rebound rate skyrocketed.","analysis","Year-over-year ORB% trend used to empirically validate Adams' claim"
"Uber tall guys are rarely generational rebounders if ever — center of gravity is a bitch. Most rebounding records post-60s go to guys like Moses Malone, Barkley, Howard, even young Kevin Love. Those dudes were all 6'5-6'10 and no taller.","analysis","Historical survey of elite rebounders to support center-of-gravity biomechanical claim"
"That Mitchell Robinson offensive rebound to put the series away was ridiculous. Wemby had position and was staring right at Mitch, but Mitch just walked him down under the rim with ease. Wemby's gotta get his weight up. He can take advantage of similarly built guys like Chet who have zero ability to move him around, but thicker 7-footers are able to move him at will.","analysis","Specific play used to illustrate Wemby's physical limitation vs. physical bigs"
"It's a difficult balance — put on weight and he loses mobility and increases his risks of injury. What he needs is to improve his technique. Get his base wider, his center of gravity lower. He should model his game after Kareem Abdul-Jabbar, who was quite skinny too.","analysis","Tactical prescription for Wemby with historical comparator"
"He'd do well to model his rebounding off Kevin Garnett. He was always skinny and weighed a lot less than many centers but knew about positioning and boxing out as well as anyone. KG had super wiry strength and tree trunk legs and a crazy strong base by the end.","analysis","KG as the model for how skinny players can develop elite rebounding technique"
"It's not as clearcut as saying today's players are 'more skilled.' Players are better from 3 but most have poor or no midrange game. A lot of bigs today can't box out, have poor post moves. They're not completely 'more skilled' today — they are more 'differently skilled,' with the trades happening at every position.","analysis","Nuanced era comparison that challenges the blanket 'modern players more skilled' claim"
"Our starting 5 of John Wall, Bradley Beal, Otto Porter, Nene, Gortat worked so beautifully. I believe in 2016 (Markieff Morris replacing Nene) was statistically the most effective starting lineup, even better than the Warriors. Too bad our bench sucked and would get outscored every game.","analysis","Historical lineup stat claim with specific contextual caveat about bench depth"
"Brook Lopez will always be my king of boxing out. Even though it would lead to jokes about how a 7ft center had terrible rebound numbers, Lopez would still box out 2-3 guys and allow his PF and SF to feast. Kris Humphries averaged a double-double in back-to-back seasons on the Nets because of BroLo.","analysis","Specific box-out impact traced through teammate rebounding numbers"
"You don't even have to be THAT big. Tatum averaged 10 rebs a game this season purely off good positioning and boxing out. He's been improving at it every year — despite all the other shit he does, he's still down there fighting for boards.","analysis","Counter-example showing boxing out technique beats size"
"That's because Wemby is quite young and quite tall. He has never had to compete with guys of similar size. Not a single coach probably told him he needed to position better and box out, because with his length alone he was getting an adequate number of rebounds his whole life.","analysis","Developmental explanation for why taller players skip boxing out fundamentals"
"Skills of all positions have been swapped out and some have been lost to time. The average center doesn't deploy flip shots or drop steps either. Proper post passes are not standardized guard skills today. The game evolved but certain baseline fundamentals disappeared with it.","analysis","Broader argument about skill specialization replacing fundamental versatility"
"The fact that Wemby challenges every shot gets him in a difficult position to rebound. That's why the Spurs need a rebound machine 4 who can catch the boards when Wemby makes the opponent miss the shot. They're basically playing 4 guards with Wemby at the 5.","analysis","Causal chain: Wemby's shot-contesting role → positional rebound disadvantage → specific roster fix needed"
"Long and lanky, high center of gravity, not enough girth or base to box out well — relies on his length out of necessity. Great rebounders are generally thick. Think Barkley and Zach Randolph frames.","analysis","Body type analysis explaining rebounding success vs. failure with historical examples"
"Wemby would be in the hospital if Shaq ever decides to go at him.","hot_take",""
"He legitimately during his peak might have been the most dominant force we've seen in basketball since maybe Wilt. 7'1 320 pounds and in his prime moved like a guard — not just size, he had skill.","hot_take","Shaq GOAT-level dominance claim"
"Its downright embarrassing watching bigs in today's game unable to do basic things. Look at the bodies around the hoop anytime a shot goes — rarely do you see a player find the closest opponent and box them out. Pick setting is also a lost art despite being in a league that runs the pick n roll more than ever.","hot_take","Declarative claim about decline in fundamentals with no systemic evidence"
"Perfect examples of the average 'big man' archetype. This is what position-less basketball robbed from us.","hot_take",""
"Big men shouldn't be hanging around the 3-point line, get your ass in the trenches for some rebounds and tip-ins.","hot_take",""
"Roy Hibbert was also among the last successful old-school defensive anchor centers whose offense was built around post ups and jump hooks before the NBA fully shifted toward spacing and three-point shooting.","hot_take",""
"Honestly, post-up moves have gone the way of the dodo. Today's NBA fans don't appreciate true post-up artists like Hakeem and Kevin McHale. They would put a dozen moves on their defender — Hakeem and McHale never lifted their pivot feet.","hot_take","Romanticized declarative claim about lost artistry with no evidence"
"The boxing out is TERRIBLE, along with setting picks that's taught in ELEMENTARY. It feels like the fundamentals aren't taught as strict as they used to be.","hot_take",""
"League is walking away from its base skillset.","hot_take",""
